id,operator_name,country,city,address
1,Considine LLC,France,Soisy-sous-Montmorency,4 Nelson Park
2,Mraz LLC,Canada,Rayside-Balfour,36 Hallows Way
3,"Hudson, Stehr and Satterfield",Japan,Hirara,78 Westport Trail
4,Grant-Gorczany,Nepal,Dadeldhurā,739 Glacier Hill Avenue
5,Abshire Inc,Peru,Pilpichaca,05773 Veith Pass
6,Bins-Schroeder,Thailand,Nong Don,5 Washington Place
7,"Muller, Glover and Daugherty",Ukraine,Chynadiyovo,22491 Stang Street
8,Kohler LLC,Poland,Pogorzyce,67098 Chinook Place
9,"Medhurst, Pagac and Toy",Indonesia,Ponggok,86085 Old Gate Alley
10,Mertz-Gutmann,Peru,Marcabamba,81849 Magdeline Hill
11,Parisian Group,Thailand,Thap Than,57 2nd Terrace
12,Pollich-Kuhlman,Sudan,Al Manāqil,7 Golf View Circle
13,Kuhn Group,United States,Springfield,74 Mariners Cove Alley
14,"Swaniawski, Becker and Bergstrom",Denmark,København,7511 Michigan Center
15,"Buckridge, Oberbrunner and Marquardt",Russia,Vatutino,93650 Oneill Lane
16,"Roberts, Barrows and Donnelly",New Zealand,Winton,09 Alpine Drive
17,Schoen Inc,Portugal,Várzea,96 Susan Lane
18,"Batz, Parisian and Abbott",Mexico,Azteca,90445 Acker Plaza
19,Fadel Group,United States,Greensboro,03 Bluejay Avenue
20,McDermott-Legros,United States,Tacoma,82 Northport Way
21,Ledner-Boyer,Bulgaria,Satovcha,897 Fisk Court
22,"Mueller, Hoeger and Morissette",Dominican Republic,Bajos de Haina,10278 Crest Line Plaza
23,Shields-Thompson,Brazil,Patrocínio,73521 Corscot Way
24,Bashirian-Erdman,China,Dongshe,04 Fuller Court
25,"Kunde, Spencer and Dach",Ukraine,Sokal’,11788 Mallard Drive
26,"Stamm, Grimes and Olson",Sweden,Göteborg,3717 David Center
27,"Weber, Hermann and Murazik",Belarus,Kryvichy,27 Basil Center
28,Bartoletti Inc,Philippines,Tayabo,455 Dixon Lane
29,Von-Heller,United States,Washington,4 Bayside Street
30,"Lakin, Breitenberg and Morissette",Indonesia,Pandean,487 Rutledge Avenue
31,"Halvorson, Cruickshank and Crooks",Bulgaria,Plovdiv,2 Haas Hill
32,"Volkman, Rodriguez and Gutkowski",Mexico,Guadalupe,77929 Grasskamp Junction
33,Schulist-Strosin,Russia,Kuznechikha,4 Grover Park
34,"Schinner, Sipes and Mayert",Czech Republic,Ludgeřovice,498 Tony Avenue
35,Anderson Group,China,Wugui,21698 Sunnyside Parkway
36,Gibson-Lemke,China,Yacheng,2362 Shasta Trail
37,"Vandervort, Rempel and Upton",Macedonia,Липково,28 Macpherson Pass
38,"Larson, Hackett and Morar",China,Batan,65 Miller Hill
39,Zieme-Doyle,Colombia,Sabanalarga,922 Myrtle Place
40,Bogisich LLC,Palestinian Territory,Dayr Sharaf,34309 Glacier Hill Street
41,Fritsch-Christiansen,France,Ajaccio,524 Anderson Terrace
42,Wolff-Heathcote,Thailand,Bang Bua Thong,28016 Amoth Street
43,Sawayn-Blanda,Philippines,Santa Teresita,581 Service Point
44,Daugherty LLC,Colombia,Riosucio,7 Gale Crossing
45,Funk-Dickens,New Zealand,Timaru,947 Waywood Plaza
46,Heaney-Cole,Russia,Tsurib,63 Basil Circle
47,Gerhold-Schultz,China,Yuchi,309 Tennessee Road
48,"Upton, Hand and Doyle",Albania,Kardhiq,4 Declaration Court
49,"Boyle, Dickens and Schumm",Indonesia,Krajan,52 Stuart Road
50,Lemke-Waters,Serbia,Padej,1 Truax Plaza
51,Gusikowski-O'Reilly,Mongolia,Ongi,954 Delaware Way
52,"Predovic, Parker and Gutkowski",Guatemala,El Asintal,7348 Heath Circle
53,Rippin Group,Poland,Łomazy,408 Derek Point
54,Morar Inc,China,Wenping,66 Fuller Junction
55,"Schmidt, Marks and Schuster",Bosnia and Herzegovina,Jajce,39 Dahle Terrace
56,Abshire LLC,Paraguay,Ypacarai,7 Westend Circle
57,"Hahn, VonRueden and Thompson",China,Panzhuang,841 Schmedeman Trail
58,Schulist-Gorczany,Niger,Dogondoutchi,8 Porter Place
59,Schuster Group,Bangladesh,Mehendiganj,27691 Mockingbird Drive
60,Heathcote-Schinner,Czech Republic,Řečany nad Labem,01 Vernon Center
61,"Heaney, Wilderman and O'Conner",Cameroon,Garoua Boulaï,58518 Holy Cross Junction
62,"Sanford, Larson and McLaughlin",Canada,Picton,442 Fuller Center
63,Hilpert and Sons,Poland,Baranów,498 Elmside Court
64,McClure and Sons,Ecuador,El Ángel,1 Hovde Road
65,Wolf and Sons,France,Courbevoie,87685 Pearson Crossing
66,"Carter, Hodkiewicz and Dibbert",China,Lishu,8634 Fulton Place
67,Hilll Inc,Japan,Omigawa,26679 Clyde Gallagher Hill
68,Kunze LLC,Philippines,Tabiauan,6202 Forest Dale Lane
69,Murphy-Abernathy,Indonesia,Pecoro,006 Bluejay Drive
70,"Turner, Mohr and Gottlieb",Indonesia,Jombang,5284 Hermina Lane
71,Daniel-Hickle,Russia,Olenyok,939 Porter Center
72,Wuckert Inc,Belarus,Krasnaye,46569 Burrows Way
73,Bosco-Bode,Brazil,Nova Iguaçu,76 Fair Oaks Avenue
74,Breitenberg Group,Iraq,Al ‘Awjah,9 South Junction
75,Hirthe Inc,China,Shengci,4649 Banding Point
76,Champlin-Nicolas,Ethiopia,Ziway,18 Judy Parkway
77,"Abernathy, Kreiger and Kutch",Indonesia,Babagan,46551 Browning Junction
78,Stiedemann-Kohler,Russia,Lesozavodsk,9624 Browning Hill
79,"Schultz, Olson and Bernier",Philippines,San Antonio,9510 Cascade Place
80,"Gislason, Weber and Nicolas",Indonesia,Sidomulyo,85 Brown Plaza
81,Stanton LLC,Ukraine,Novyy Svit,3 Dorton Junction
82,Dach-Walsh,United States,Washington,80 Meadow Ridge Park
83,"Waters, Green and Bergstrom",Kosovo,Partesh,0738 Pankratz Street
84,Johnson and Sons,Mongolia,Tsul-Ulaan,8 Melrose Trail
85,Haag Inc,Indonesia,Batojaran,5050 Bunting Crossing
86,"Krajcik, Rodriguez and Bednar",Argentina,Coronda,1 Graedel Parkway
87,Abshire-Huels,Belarus,Chavusy,448 Delladonna Alley
88,"Balistreri, Torphy and VonRueden",Azerbaijan,Qazax,729 Dwight Court
89,Nikolaus Group,Russia,Partizansk,1 Logan Parkway
90,Kuhlman and Sons,Haiti,Perches,86 Swallow Lane
91,Bechtelar-Hand,Spain,Huesca,5 Glendale Plaza
92,"Ortiz, Watsica and Mills",Philippines,Seres,7 Thompson Way
93,"Goodwin, Stokes and Lueilwitz",Malaysia,Kuching,7844 Transport Court
94,"Goodwin, Zboncak and Powlowski",Palestinian Territory,Ḩuwwārah,17216 Kings Road
95,Bechtelar-Crooks,Poland,Głuchów,16006 Barnett Point
96,Haag-Bradtke,Thailand,Na Wa,71705 Linden Alley
97,"Farrell, Ferry and Ortiz",Indonesia,Saseel,246 6th Junction
98,Haag and Sons,Australia,Sydney,1137 Dovetail Street
99,"Hoppe, Schimmel and Mertz",Canada,Fredericton,9 Shelley Junction
100,Hand Inc,Czech Republic,Černožice,8 Marquette Court
101,Kuhn-Fay,Germany,Berlin,396 Harper Center
102,"Hilpert, Romaguera and Bauch",Czech Republic,Doubravice nad Svitavou,7 Onsgard Center
103,Hackett-Roob,Indonesia,Cibodas,498 Russell Drive
104,Hills LLC,Greece,Ílion,68849 Bellgrove Alley
105,Orn LLC,Ukraine,Boromlya,549 Delladonna Drive
106,Goldner Inc,Indonesia,Kebonsari,839 Express Court
107,"Stoltenberg, Marquardt and Krajcik",Philippines,Damayan,6 Grasskamp Parkway
108,"Mann, Wisozk and Ernser",Vietnam,Thị Trấn Tân Yên,977 Marquette Parkway
109,"Bauch, Jerde and Simonis",France,Saint-Maurice-l'Exil,2 Orin Lane
110,Grimes-Runolfsson,Ireland,Sutton,082 Fairview Junction
111,Kub Group,China,Liubo,3 Hansons Way
112,Dickens-Quitzon,Indonesia,Pelabuhan Dagang,495 Carberry Crossing
113,Cormier-Toy,China,Jiandou,186 Bashford Junction
114,Howe Group,Poland,Walichnowy,9878 Dwight Place
115,Block-Douglas,Afghanistan,Kai,93 Pierstorff Road
116,"Homenick, Veum and Miller",France,Lyon,324 Elmside Hill
117,O'Keefe-Schamberger,Indonesia,Singgit,54 Thierer Terrace
118,"Bradtke, Russel and Tromp",Russia,Staropavlovskaya,56 Service Avenue
119,Price-Runte,Indonesia,Pengulu,97 La Follette Parkway
120,"Roob, Haley and Willms",Poland,Czarnowąsy,8954 Service Parkway
121,"Waelchi, Fisher and Legros",Madagascar,Ambatolampy,9859 Forster Plaza
122,Cremin-Ritchie,France,Valenciennes,8 Old Gate Alley
123,"Grant, Mills and MacGyver",Armenia,Hats’avan,88 Rieder Avenue
124,Bednar Inc,China,Tanniu,836 Katie Road
125,Ratke-Stroman,Netherlands,Heerlen,414 Gulseth Lane
126,Kulas-Lakin,Canada,Wingham,5 Starling Terrace
127,"Bergstrom, Fay and Daugherty",Tanzania,Mtwango,599 Northview Lane
128,"Jones, Mante and Murazik",China,Litian,617 Weeping Birch Plaza
129,"Nolan, Stoltenberg and Hills",Indonesia,Koblain,15 Monterey Crossing
130,"Klein, Jakubowski and Hermiston",Botswana,Mogoditshane,8 Nova Junction
131,Davis Inc,China,Foluo,63063 Bay Drive
132,Volkman LLC,China,Zhongchao,37 Evergreen Center
133,Goyette and Sons,Bangladesh,Parbatipur,161 Randy Hill
134,Hammes LLC,Guatemala,Jacaltenango,40987 Burrows Lane
135,Jaskolski and Sons,China,Raoyang,950 Columbus Park
136,Stracke-Konopelski,Cuba,Guisa,9 Dapin Trail
137,Lowe-Langosh,Canada,Petrolia,8727 Maple Wood Circle
138,Crooks LLC,Honduras,Santa Rosa de Copán,9391 Oak Valley Center
139,Jaskolski LLC,China,Daliuhang,981 Sutherland Road
140,"Sipes, Altenwerth and Stark",Indonesia,Karangori,41 Cordelia Park
141,"Bernier, Bins and Nicolas",China,Qümong,50 Petterle Road
142,Fritsch Group,Portugal,Quinta,3 Vernon Junction
143,"Schuppe, Buckridge and Veum",Portugal,Moses,895 Anderson Plaza
144,"Jones, Hartmann and Hegmann",Brazil,Boa Vista,14875 Luster Pass
145,"Hudson, Oberbrunner and Upton",Indonesia,Trogan Barat,30858 International Junction
146,Collins Group,Philippines,San Diego,59 Coleman Drive
147,"Schulist, Ondricka and Hirthe",Brazil,Fernandópolis,3980 Claremont Alley
148,Bosco-Weber,China,Hougaoshizhuang,3 Parkside Center
149,"Erdman, Block and O'Keefe",Peru,Acomayo,171 Cottonwood Drive
150,"Osinski, Toy and Davis",Panama,Nueva Gorgona,1948 Merrick Pass
151,Kovacek Inc,Indonesia,Jiwuwu,0348 Anderson Alley
152,"O'Kon, Klein and Rolfson",Portugal,Lameira,88 Ilene Drive
153,"Trantow, Goldner and Reynolds",China,Wucheng,9737 Brentwood Hill
154,Pollich and Sons,South Korea,Taisen-ri,883 Southridge Court
155,"Champlin, Vandervort and Quigley",Poland,Chodów,2410 Upham Drive
156,Haley-Auer,Latvia,Cesvaine,82 4th Way
157,Ziemann Inc,Malaysia,Kuantan,04562 Weeping Birch Avenue
158,Streich-Baumbach,China,Gaiyang,0730 Badeau Terrace
159,Braun Group,Poland,Dąbrowa,70274 Londonderry Street
160,Collier and Sons,Peru,Cairani,74 Kipling Hill
161,Wyman and Sons,Russia,Lukhovka,2 Buell Park
162,"Conroy, Emmerich and Grimes",Nicaragua,Puerto Cabezas,46 Moose Road
163,Wiegand and Sons,Sweden,Övertorneå,686 Union Park
164,Pacocha-Conn,Slovenia,Juršinci,3768 Ohio Crossing
165,Trantow LLC,Portugal,Macinhata da Seixa,5680 Menomonie Drive
166,"Torphy, Klein and Haag",France,Montpellier,20 Manitowish Circle
167,Padberg-Schumm,Russia,Khorinsk,7673 Hauk Pass
168,Schinner-Tromp,Croatia,Sarvaš,28 Arapahoe Parkway
169,Romaguera-Bechtelar,Slovenia,Trnovska Vas,5335 Calypso Circle
170,"Haley, Bergnaum and Flatley",Indonesia,Campok,0475 Shasta Drive
171,Dickens Inc,Brazil,Nortelândia,51303 Glendale Court
172,Quigley Inc,China,Guangshan Chengguanzhen,16863 Oak Valley Drive
173,Davis LLC,China,Yuanjue,70 Kinsman Lane
174,Larkin and Sons,Russia,Burayevo,0 Hermina Alley
175,Weissnat and Sons,China,Jianggao,14105 Birchwood Alley
176,"Klocko, Wuckert and Christiansen",United States,Toledo,4243 Manufacturers Court
177,"Bashirian, Miller and Zboncak",Russia,Sernovodsk,45 Del Mar Crossing
178,Murazik and Sons,Germany,Kassel,6 Karstens Street
179,Jacobi and Sons,Uganda,Budaka,1 Harper Place
180,"Schneider, Willms and Reilly",Vietnam,Kon Dơng,81 American Trail
181,Cremin-Stoltenberg,United States,Colorado Springs,91469 Gulseth Junction
182,Bogan Inc,Peru,Guadalupe,53 Jana Alley
183,Langosh and Sons,Russia,Nizhniy Dzhengutay,24 Havey Drive
184,Hoppe Inc,China,Lümeng,30 Golf Place
185,Turner-Auer,China,Xinxu,1 Kedzie Hill
186,Nitzsche-Schowalter,Indonesia,Putatbasiun,29980 Browning Crossing
187,Mills-Murazik,Argentina,La Falda,1053 Clarendon Plaza
188,Renner Inc,China,Yidu,47 Moose Crossing
189,Roob-Schimmel,China,Dolati,30 Lake View Trail
190,Effertz-Braun,Kazakhstan,Kyzylorda,45 Stephen Parkway
191,Rolfson-Berge,China,Tangyu,323 Miller Court
192,"Kreiger, Kozey and Moore",Russia,Mozdok,777 Riverside Crossing
193,Moore-Schimmel,New Zealand,Mangere,54 Granby Alley
194,Conroy-Streich,Philippines,Abaca,0 Manufacturers Junction
195,Bode-Hodkiewicz,Netherlands,Leiden,730 Corscot Park
196,Brown-Koelpin,Brazil,Vargem Grande,003 Pierstorff Terrace
197,Skiles-Dicki,Indonesia,Pulau Tiga,88101 Bowman Way
198,"Stokes, Leannon and Strosin",Sudan,Ar Rahad,7101 Magdeline Avenue
199,"Cormier, Stark and Orn",Thailand,Samphanthawong,55 Green Ridge Street
200,Cremin-Predovic,Indonesia,Tanggung,90883 Chive Plaza
